Date,Cpu,Runtime,NpgsqlVersion,Profile,PostgreSqlType,Shape,Operation,Count,NullPercent,PayloadBytes,Representation,MpgsqlMeanNs,MpgsqlErrorNs,NpgsqlMeanNs,NpgsqlErrorNs,NpgsqlOverMpgsql,MpgsqlAllocatedBytes,NpgsqlAllocatedBytes,MpgsqlSamples,NpgsqlSamples
2026-10-08,AMD Ryzen 7 5800X,.NET 10.0.12,10.0.3,bool,bool,Scalar,Read,1,0,1,bool,9.916471420128335,0.02771570782302112,14.06980765823206,0.0682909611214657,1.4188320685998583,0,0,7,7
2026-10-08,AMD Ryzen 7 5800X,.NET 10.0.12,10.0.3,int2,int2,Scalar,Read,1,0,2,short,7.188054650794925,0.015937167576562456,13.55817969519189,0.12977366557787745,1.8862098792880624,0,0,7,8
2026-10-08,AMD Ryzen 7 5800X,.NET 10.0.12,10.0.3,int4,int4,Scalar,Read,1,0,4,int,7.1888836923252395,0.04310724115731029,13.6372549471296,0.26394762909541747,1.896992013056013,0,0,7,8
2026-10-08,AMD Ryzen 7 5800X,.NET 10.0.12,10.0.3,int8,int8,Scalar,Read,1,0,8,long,7.120640022633237,0.026045041657529522,13.832852401707793,0.12641350933246445,1.9426417228984363,0,0,8,7
2026-10-08,AMD Ryzen 7 5800X,.NET 10.0.12,10.0.3,float4,float4,Scalar,Read,1,0,4,float,7.087140016921259,0.05898330795187515,13.998243187483158,0.07829090428275838,1.975161088120306,0,0,8,8
2026-10-08,AMD Ryzen 7 5800X,.NET 10.0.12,10.0.3,float8,float8,Scalar,Read,1,0,8,double,7.489333388687049,0.08448912088998965,13.593290007737599,0.4492721841214562,1.8150200161032797,0,0,8,7
2026-10-08,AMD Ryzen 7 5800X,.NET 10.0.12,10.0.3,oid,oid,Scalar,Read,1,0,4,uint,7.189600666009931,0.040046333183863254,13.961028039417716,0.5927006623454445,1.9418363672715326,0,0,8,7
2026-10-08,AMD Ryzen 7 5800X,.NET 10.0.12,10.0.3,money,money,Scalar,Read,1,0,8,long cents / decimal,7.508299078884006,0.0852614454684009,16.772715945506565,0.14371979978409127,2.2338902285708593,0,0,7,8
2026-10-08,AMD Ryzen 7 5800X,.NET 10.0.12,10.0.3,uuid,uuid,Scalar,Read,1,0,16,Guid,18.183190698229748,0.17149745297097868,19.00372397428896,0.18490751486681037,1.045125923699359,0,0,7,8
2026-10-08,AMD Ryzen 7 5800X,.NET 10.0.12,10.0.3,numeric.pg,numeric,Scalar,Read,1,0,16,PgNumeric / decimal,52.485265440363236,0.7405696723160535,100.69525675814882,0.6391947377687819,1.918543345704606,32,0,8,8
2026-10-08,AMD Ryzen 7 5800X,.NET 10.0.12,10.0.3,numeric.decimal,numeric,Scalar,Read,1,0,16,decimal,49.22538641419701,0.3254254538589952,69.97115763367829,0.5333736439352571,1.421444557995344,0,0,7,8
2026-10-08,AMD Ryzen 7 5800X,.NET 10.0.12,10.0.3,numeric.wide,numeric,Scalar,Read,1,0,264,PgNumeric / BigInteger (128 digits),61.80999068306177,1.0539641283322174,7187.245611496914,82.90732416726773,116.27967472686395,280,34608,8,8
2026-10-08,AMD Ryzen 7 5800X,.NET 10.0.12,10.0.3,date.pg,date,Scalar,Read,1,0,4,PgDate / int days,11.662253588712293,0.0373246241907688,13.75985213719732,0.12073528302700785,1.1798621966611376,0,0,8,8
2026-10-08,AMD Ryzen 7 5800X,.NET 10.0.12,10.0.3,date.clr,date,Scalar,Read,1,0,4,DateOnly,12.462357786940453,0.0757598775426185,13.639325915447657,0.2147550627465493,1.0944418503006366,0,0,6,8
2026-10-08,AMD Ryzen 7 5800X,.NET 10.0.12,10.0.3,time.pg,time,Scalar,Read,1,0,8,PgTime / long microseconds,11.79438313724831,0.09551859073698353,13.674738423556747,0.09593894747200075,1.1594280314983165,0,0,8,8
2026-10-08,AMD Ryzen 7 5800X,.NET 10.0.12,10.0.3,time.clr,time,Scalar,Read,1,0,8,TimeOnly,14.512509001172404,0.08644000649359788,13.991644338308639,0.2227935765625368,0.9641092616844071,0,0,8,8
2026-10-08,AMD Ryzen 7 5800X,.NET 10.0.12,10.0.3,timetz,timetz,Scalar,Read,1,0,12,PgTimeTz / DateTimeOffset,27.53889535091038,0.2700319673863285,15.666593767778235,0.27023258813447215,0.5688896946718064,0,0,8,7
2026-10-08,AMD Ryzen 7 5800X,.NET 10.0.12,10.0.3,timestamp.pg,timestamp,Scalar,Read,1,0,8,PgTimestamp / long microseconds,12.181037812734564,0.10311980424164022,13.594761640954736,0.1128258174398827,1.116059390829754,0,0,8,8
2026-10-08,AMD Ryzen 7 5800X,.NET 10.0.12,10.0.3,timestamp.clr,timestamp,Scalar,Read,1,0,8,DateTime Unspecified,13.07804568898973,0.08039373981983107,14.739967006644559,0.10705359002180964,1.127077191590941,0,0,8,8
2026-10-08,AMD Ryzen 7 5800X,.NET 10.0.12,10.0.3,timestamptz.pg,timestamptz,Scalar,Read,1,0,8,PgTimestampTz / long microseconds,12.023213511237161,0.15228739057470062,13.544760506021799,0.0822037160998213,1.1265507755778075,0,0,8,8
2026-10-08,AMD Ryzen 7 5800X,.NET 10.0.12,10.0.3,timestamptz.clr,timestamptz,Scalar,Read,1,0,8,DateTimeOffset UTC,17.342256244512384,0.052325154792868346,16.587498731565415,0.06046042251464642,0.9564787013693332,0,0,7,8
2026-10-08,AMD Ryzen 7 5800X,.NET 10.0.12,10.0.3,timestamptz.datetime,timestamptz,Scalar,Read,1,0,8,DateTime UTC,12.268780272369488,0.05301897528160613,15.562798972666187,0.11537539966927499,1.2684878714239554,0,0,7,7
2026-10-08,AMD Ryzen 7 5800X,.NET 10.0.12,10.0.3,interval.pg,interval,Scalar,Read,1,0,16,PgInterval / NpgsqlInterval,20.056134972790947,0.14545608872920446,15.084286657660714,0.15071731111386405,0.7521033677787238,0,0,8,7
2026-10-08,AMD Ryzen 7 5800X,.NET 10.0.12,10.0.3,interval.clr,interval,Scalar,Read,1,0,16,TimeSpan,14.882574740028948,0.23763929938747697,14.393951487864385,0.07141465104521012,0.9671680968716833,0,0,8,8
2026-10-08,AMD Ryzen 7 5800X,.NET 10.0.12,10.0.3,inet,inet,Scalar,Read,1,0,20,PgInet / NpgsqlInet (IPv4 + IPv6),13.498901600309425,0.11545797435301103,30.24217419758135,0.7897738268697101,2.240343332592937,0,80,8,8
2026-10-08,AMD Ryzen 7 5800X,.NET 10.0.12,10.0.3,cidr,cidr,Scalar,Read,1,0,20,PgInet / IPNetwork (IPv4 + IPv6),13.85876036009816,0.07204354388195555,34.14182685053152,0.4829000412714083,2.463555611281939,0,80,7,8
2026-10-08,AMD Ryzen 7 5800X,.NET 10.0.12,10.0.3,bytea,bytea,Scalar,Read,1,0,64,ReadOnlyMemory<byte> (64 B),15.222994482839688,0.2553503176416566,38.13136180841171,0.32541929284883,2.5048528954927867,88,88,8,7
2026-10-08,AMD Ryzen 7 5800X,.NET 10.0.12,10.0.3,jsonb,jsonb,Scalar,Read,1,0,65,Memory<byte> / byte[] UTF-8,35.21035656389781,0.2987082080543417,41.1279978191743,0.9462409775683408,1.168065360103283,88,88,8,7
2026-10-08,AMD Ryzen 7 5800X,.NET 10.0.12,10.0.3,text,text,Scalar,Read,1,0,56,string UTF-8,34.18205505834372,0.31785832777441947,48.81476716250652,0.8629497114808453,1.4280816960591434,128,128,7,7
2026-10-08,AMD Ryzen 7 5800X,.NET 10.0.12,10.0.3,varchar,varchar,Scalar,Read,1,0,56,string UTF-8,36.38946821652087,1.1717905811754104,50.18782170460819,0.832934310362184,1.3791853567627255,128,128,7,8
2026-10-08,AMD Ryzen 7 5800X,.NET 10.0.12,10.0.3,bpchar,bpchar,Scalar,Read,1,0,59,string UTF-8,35.59372922741822,0.5303834779047301,49.87825850020636,0.4399903788549799,1.4013215131665555,128,128,8,7
2026-10-08,AMD Ryzen 7 5800X,.NET 10.0.12,10.0.3,name,name,Scalar,Read,1,0,24,string UTF-8,28.883355856647235,0.570114902825835,44.791821260642806,0.19476152073186806,1.5507831390144502,64,64,7,7
2026-10-08,AMD Ryzen 7 5800X,.NET 10.0.12,10.0.3,json,json,Scalar,Read,1,0,64,string UTF-8,36.254525673307725,1.2179055611749936,51.87014606084564,1.8791430768772042,1.4307219608457011,144,144,7,7
2026-10-08,AMD Ryzen 7 5800X,.NET 10.0.12,10.0.3,xml,xml,Scalar,Read,1,0,54,string UTF-8,34.438033904440154,0.5014575098202343,49.44661348564043,0.9327678214926792,1.43581406600756,120,120,8,8
2026-10-08,AMD Ryzen 7 5800X,.NET 10.0.12,10.0.3,bool,bool,Scalar,Write,1,0,1,bool,5.053991541973789,0.028471185482014303,40.59398466130084,0.43372218085618147,8.032064225704508,0,0,7,8
2026-10-08,AMD Ryzen 7 5800X,.NET 10.0.12,10.0.3,int2,int2,Scalar,Write,1,0,2,short,5.039130872812729,0.039997065141274775,21.229150782755642,0.05803245308248052,4.2128595820544765,0,0,8,7
2026-10-08,AMD Ryzen 7 5800X,.NET 10.0.12,10.0.3,int4,int4,Scalar,Write,1,0,4,int,5.02681771085267,0.0451638266206228,29.174857154340568,0.23246402514438486,5.803842278058617,0,0,7,8
2026-10-08,AMD Ryzen 7 5800X,.NET 10.0.12,10.0.3,int8,int8,Scalar,Write,1,0,8,long,11.212983049245677,0.10091161447414593,20.515727552017875,0.054061689743490016,1.8296404678323326,0,0,8,7
2026-10-08,AMD Ryzen 7 5800X,.NET 10.0.12,10.0.3,float4,float4,Scalar,Write,1,0,4,float,4.689725188491136,0.01584734744272325,21.24292688485396,0.0637495685444501,4.529674134634875,0,0,8,7
2026-10-08,AMD Ryzen 7 5800X,.NET 10.0.12,10.0.3,float8,float8,Scalar,Write,1,0,8,double,4.664777839305008,0.06749963027465843,22.087323946788857,0.15350674998869146,4.734914439157854,0,0,8,8
2026-10-08,AMD Ryzen 7 5800X,.NET 10.0.12,10.0.3,oid,oid,Scalar,Write,1,0,4,uint,5.018176742964107,0.03926091002045092,21.57434395553704,0.3236116600869426,4.299239556634993,0,0,8,8
2026-10-08,AMD Ryzen 7 5800X,.NET 10.0.12,10.0.3,money,money,Scalar,Write,1,0,8,long cents / decimal,5.105018600313669,0.05051454131332978,31.543790447706797,0.7764271876000135,6.178976594868556,0,0,8,8
2026-10-08,AMD Ryzen 7 5800X,.NET 10.0.12,10.0.3,uuid,uuid,Scalar,Write,1,0,16,Guid,6.663168825651983,0.049263542977981654,24.131104361926223,0.3219746362994596,3.621565803499662,0,0,8,8
2026-10-08,AMD Ryzen 7 5800X,.NET 10.0.12,10.0.3,numeric.pg,numeric,Scalar,Write,1,0,16,PgNumeric / decimal,15.51606119256848,0.19058659230716776,98.55860107269318,3.849067074675906,6.352037404950328,0,48,7,8
2026-10-08,AMD Ryzen 7 5800X,.NET 10.0.12,10.0.3,numeric.decimal,numeric,Scalar,Write,1,0,16,decimal,103.3482480265368,2.6256697387182095,91.32499444999443,0.2508678649575443,0.883662724757026,0,48,8,7
2026-10-08,AMD Ryzen 7 5800X,.NET 10.0.12,10.0.3,numeric.wide,numeric,Scalar,Write,1,0,264,PgNumeric / BigInteger (128 digits),22.582048163815887,0.42289160216601374,36835.64758300781,373.9799978733943,1631.1916136124019,0,296,7,8
2026-10-08,AMD Ryzen 7 5800X,.NET 10.0.12,10.0.3,date.pg,date,Scalar,Write,1,0,4,PgDate / int days,5.112132005933513,0.05719367910322295,20.94861541640122,0.07918761229058409,4.097823646198246,0,0,7,7
2026-10-08,AMD Ryzen 7 5800X,.NET 10.0.12,10.0.3,date.clr,date,Scalar,Write,1,0,4,DateOnly,5.059045748212047,0.0431266243136205,22.670295790112654,0.33753952019387223,4.481140696963399,0,0,7,8
2026-10-08,AMD Ryzen 7 5800X,.NET 10.0.12,10.0.3,time.pg,time,Scalar,Write,1,0,8,PgTime / long microseconds,5.193471084121965,0.08738048905162794,21.2954317567502,0.4544792182592039,4.100423668836219,0,0,7,8
2026-10-08,AMD Ryzen 7 5800X,.NET 10.0.12,10.0.3,time.clr,time,Scalar,Write,1,0,8,TimeOnly,5.073557027325731,0.07143735415843866,22.569668340975195,0.3100876067256472,4.44849012624022,0,0,8,8
2026-10-08,AMD Ryzen 7 5800X,.NET 10.0.12,10.0.3,timetz,timetz,Scalar,Write,1,0,12,PgTimeTz / DateTimeOffset,6.6841578113375615,0.10947555625053042,23.038692190625948,0.2229324331436546,3.4467606601908902,0,0,8,8
2026-10-08,AMD Ryzen 7 5800X,.NET 10.0.12,10.0.3,timestamp.pg,timestamp,Scalar,Write,1,0,8,PgTimestamp / long microseconds,5.42558944086402,0.026174615589648707,21.24106108368056,0.15197105434538966,3.914977591872108,0,0,7,8
2026-10-08,AMD Ryzen 7 5800X,.NET 10.0.12,10.0.3,timestamp.clr,timestamp,Scalar,Write,1,0,8,DateTime Unspecified,6.023610103503502,0.10917387937733548,21.23487968108921,0.09415103430910228,3.5252745971619914,0,0,7,7
2026-10-08,AMD Ryzen 7 5800X,.NET 10.0.12,10.0.3,timestamptz.pg,timestamptz,Scalar,Write,1,0,8,PgTimestampTz / long microseconds,5.3469726430471285,0.05262779023034284,23.727064286582788,0.33570069359682636,4.437476282478459,0,0,8,7
2026-10-08,AMD Ryzen 7 5800X,.NET 10.0.12,10.0.3,timestamptz.clr,timestamptz,Scalar,Write,1,0,8,DateTimeOffset UTC,8.408568999156437,0.07215818175026151,26.033369091571952,0.5336342609151572,3.0960522645629323,0,0,8,8
2026-10-08,AMD Ryzen 7 5800X,.NET 10.0.12,10.0.3,timestamptz.datetime,timestamptz,Scalar,Write,1,0,8,DateTime UTC,6.7419411106555005,0.035712114761347474,23.181931432794958,0.2529921936799335,3.438465428918741,0,0,8,8
2026-10-08,AMD Ryzen 7 5800X,.NET 10.0.12,10.0.3,interval.pg,interval,Scalar,Write,1,0,16,PgInterval / NpgsqlInterval,6.762646710851225,0.03209903998446278,25.069806854061504,0.1447687542302748,3.7070998864741713,0,0,8,7
2026-10-08,AMD Ryzen 7 5800X,.NET 10.0.12,10.0.3,interval.clr,interval,Scalar,Write,1,0,16,TimeSpan,6.98181082150316,0.05547194348174957,24.653191848080862,0.5628842229826404,3.5310598465589926,0,0,7,8
2026-10-08,AMD Ryzen 7 5800X,.NET 10.0.12,10.0.3,inet,inet,Scalar,Write,1,0,20,PgInet / NpgsqlInet (IPv4 + IPv6),7.452796534088669,0.14163879039141192,35.11547940849101,0.4859108926395889,4.711718513698154,0,0,8,7
2026-10-08,AMD Ryzen 7 5800X,.NET 10.0.12,10.0.3,cidr,cidr,Scalar,Write,1,0,20,PgInet / IPNetwork (IPv4 + IPv6),13.703504868078209,0.17916032790804698,35.248481073348636,0.21738482034916004,2.5722237787107023,0,0,8,7
2026-10-08,AMD Ryzen 7 5800X,.NET 10.0.12,10.0.3,bytea,bytea,Scalar,Write,1,0,64,ReadOnlyMemory<byte> (64 B),9.054161117327087,0.04328531698792571,28.987443067077628,0.37396176535208575,3.201560331371165,0,0,7,7
2026-10-08,AMD Ryzen 7 5800X,.NET 10.0.12,10.0.3,jsonb,jsonb,Scalar,Write,1,0,65,Memory<byte> / byte[] UTF-8,10.474911861729682,0.20692719305580953,45.69384088172065,0.7672422879445726,4.362217218138521,0,0,7,8
2026-10-08,AMD Ryzen 7 5800X,.NET 10.0.12,10.0.3,text,text,Scalar,Write,1,0,56,string UTF-8,20.812196033527666,0.11608930863439902,54.948824335321795,0.3924559300670912,2.640222312282726,0,0,7,7
2026-10-08,AMD Ryzen 7 5800X,.NET 10.0.12,10.0.3,varchar,varchar,Scalar,Write,1,0,56,string UTF-8,20.953916565888516,0.3530610117061187,54.69221375370027,0.5270780387438976,2.6101189045839432,0,0,8,8
2026-10-08,AMD Ryzen 7 5800X,.NET 10.0.12,10.0.3,bpchar,bpchar,Scalar,Write,1,0,59,string UTF-8,23.765761195840135,0.1452384442357224,57.751361850269795,0.5568375683165185,2.4300236535397977,0,0,8,7
2026-10-08,AMD Ryzen 7 5800X,.NET 10.0.12,10.0.3,name,name,Scalar,Write,1,0,24,string UTF-8,19.14238078649305,0.08030570507274402,53.36219429407397,0.12558849295679064,2.787646682471523,0,0,8,8
2026-10-08,AMD Ryzen 7 5800X,.NET 10.0.12,10.0.3,json,json,Scalar,Write,1,0,64,string UTF-8,21.858824913183916,0.035564937543555546,56.94752050182447,0.2128792430559768,2.6052416233718576,0,0,7,6
2026-10-08,AMD Ryzen 7 5800X,.NET 10.0.12,10.0.3,xml,xml,Scalar,Write,1,0,54,string UTF-8,21.377700298827342,0.19225871297619684,57.167458354906444,0.9397541884988393,2.6741631492533515,0,0,7,7
2026-10-08,AMD Ryzen 7 5800X,.NET 10.0.12,10.0.3,bool.array,bool[],Array,Read,256,0,1300,bool,437.46122247460056,103.81985988909616,13694.71490205224,1287.0441607029395,31.30498018678071,280,280,8,8
2026-10-08,AMD Ryzen 7 5800X,.NET 10.0.12,10.0.3,int2.array,int2[],Array,Read,256,0,1556,short,125.40384602662151,7.491847831956428,11617.849151234568,209.64986031638384,92.64348358796155,536,536,6,8
2026-10-08,AMD Ryzen 7 5800X,.NET 10.0.12,10.0.3,int4.array,int4[],Array,Read,256,0,2068,int,133.29896982859827,17.277039472664704,18828.383316532258,12109.33936250202,141.2492785258778,1048,1048,8,8
2026-10-08,AMD Ryzen 7 5800X,.NET 10.0.12,10.0.3,int8.array,int8[],Array,Read,256,0,3092,long,195.70817242459034,2.819000334890108,11667.584496549562,181.12408776854053,59.61725742978505,2072,2072,7,8
2026-10-08,AMD Ryzen 7 5800X,.NET 10.0.12,10.0.3,float4.array,float4[],Array,Read,256,0,2068,float,124.59054460470186,2.390259018975687,11389.891329171744,152.67359166824895,91.4185852972177,1048,1048,7,8
2026-10-08,AMD Ryzen 7 5800X,.NET 10.0.12,10.0.3,float8.array,float8[],Array,Read,256,0,3092,double,200.3881561521975,3.171739464605039,11267.5,75.60476838687386,56.22837305535254,2072,2072,7,8
2026-10-08,AMD Ryzen 7 5800X,.NET 10.0.12,10.0.3,oid.array,oid[],Array,Read,256,0,2068,uint,130.14594644029322,4.527131221402957,11509.3225931677,92.26614740357722,88.43396900146874,1048,1048,8,8
2026-10-08,AMD Ryzen 7 5800X,.NET 10.0.12,10.0.3,money.array,money[],Array,Read,256,0,3092,long cents / decimal,205.01313231237665,2.0409566423837173,13029.315476190475,230.48089926660853,63.5535652239966,2072,4120,7,7
2026-10-08,AMD Ryzen 7 5800X,.NET 10.0.12,10.0.3,uuid.array,uuid[],Array,Read,256,0,5140,Guid,453.83855368452055,6.454873169822553,12252.136978487613,164.0869672447299,26.996686110110673,4120,4120,8,8
2026-10-08,AMD Ryzen 7 5800X,.NET 10.0.12,10.0.3,numeric.pg.array,numeric[],Array,Read,256,0,5140,PgNumeric / decimal,3608.5101812617704,89.31996198379562,27102.467105263157,585.4121000926957,7.510708226902208,14360,4120,8,8
2026-10-08,AMD Ryzen 7 5800X,.NET 10.0.12,10.0.3,numeric.decimal.array,numeric[],Array,Read,256,0,5140,decimal,11385.216517857143,83.92461587921744,27000.995710784315,911.9479858556323,2.3715838577540094,4120,4120,7,8
2026-10-08,AMD Ryzen 7 5800X,.NET 10.0.12,10.0.3,numeric.wide.array,numeric[],Array,Read,256,0,68628,PgNumeric / BigInteger (128 digits),7213.127443141437,574.6069710551277,2079591.40625,109074.41373464395,288.30648323389437,77848,8866696,8,8
2026-10-08,AMD Ryzen 7 5800X,.NET 10.0.12,10.0.3,date.pg.array,date[],Array,Read,256,0,2068,PgDate / int days,408.4384753639801,8.052264295850918,11241.94956534772,164.92649744953277,27.524217828228483,1048,1048,7,8
2026-10-08,AMD Ryzen 7 5800X,.NET 10.0.12,10.0.3,date.clr.array,date[],Array,Read,256,0,2068,DateOnly,516.3936186693709,8.702389245787389,11673.521274937655,184.85645870565767,22.605858889228085,1048,1048,8,8
2026-10-08,AMD Ryzen 7 5800X,.NET 10.0.12,10.0.3,time.pg.array,time[],Array,Read,256,0,3092,PgTime / long microseconds,370.7184548274908,5.094093803139217,11434.920995670996,329.09074210996414,30.845297413078868,2072,2072,8,7
2026-10-08,AMD Ryzen 7 5800X,.NET 10.0.12,10.0.3,time.clr.array,time[],Array,Read,256,0,3092,TimeOnly,433.25204384986995,6.163117967435965,11526.479552469134,229.98496708392673,26.604558976906475,2072,2072,8,8
2026-10-08,AMD Ryzen 7 5800X,.NET 10.0.12,10.0.3,timetz.array,timetz[],Array,Read,256,0,4116,PgTimeTz / DateTimeOffset,588.8003256858299,17.310332986809595,12479.483285857908,198.36863518246201,21.194762878777127,4120,4120,7,8
2026-10-08,AMD Ryzen 7 5800X,.NET 10.0.12,10.0.3,timestamp.pg.array,timestamp[],Array,Read,256,0,3092,PgTimestamp / long microseconds,463.70654231253644,7.308241273614639,11223.12725631769,118.46128866156353,24.203081544519907,2072,2072,7,8
2026-10-08,AMD Ryzen 7 5800X,.NET 10.0.12,10.0.3,timestamp.clr.array,timestamp[],Array,Read,256,0,3092,DateTime Unspecified,676.0613971912136,5.151870340722866,12441.890521523179,204.17397107320983,18.403492010066923,2072,2072,8,8
2026-10-08,AMD Ryzen 7 5800X,.NET 10.0.12,10.0.3,timestamptz.pg.array,timestamptz[],Array,Read,256,0,3092,PgTimestampTz / long microseconds,465.89581663075614,5.290371960239488,11614.184027777777,118.2940988118279,24.92871498990632,2072,2072,8,8
2026-10-08,AMD Ryzen 7 5800X,.NET 10.0.12,10.0.3,timestamptz.clr.array,timestamptz[],Array,Read,256,0,3092,DateTimeOffset UTC,858.4609667510415,7.326137425367941,12441.94990869854,163.8147904907135,14.493320477676157,4120,4120,7,8
2026-10-08,AMD Ryzen 7 5800X,.NET 10.0.12,10.0.3,interval.pg.array,interval[],Array,Read,256,0,5140,PgInterval / NpgsqlInterval,614.127132885212,21.34145169245544,12049.180931528663,141.1048636224994,19.620010721429573,4120,4120,7,8
2026-10-08,AMD Ryzen 7 5800X,.NET 10.0.12,10.0.3,interval.clr.array,interval[],Array,Read,256,0,5140,TimeSpan,987.3920263600083,13.852780398163517,12094.507792101827,101.52209269488816,12.248942131615012,2072,2072,8,8
2026-10-08,AMD Ryzen 7 5800X,.NET 10.0.12,10.0.3,inet.array,inet[],Array,Read,256,0,4628,PgInet / NpgsqlInet (IPv4 + IPv6),985.2969782562352,45.706130616400955,13348.044579533942,254.17564173675407,13.547229793759364,8216,19480,8,7
2026-10-08,AMD Ryzen 7 5800X,.NET 10.0.12,10.0.3,cidr.array,cidr[],Array,Read,256,0,4628,PgInet / IPNetwork (IPv4 + IPv6),1287.1698061106579,12.130724531297782,14565.70457175926,137.46563563001075,11.316070733333413,8216,19480,8,8
2026-10-08,AMD Ryzen 7 5800X,.NET 10.0.12,10.0.3,bytea.array,bytea[],Array,Read,256,0,17428,ReadOnlyMemory<byte> (64 B),2392.9611004682843,189.51748598388667,15104.270668251453,224.3478337771408,6.311958295224967,26648,26648,8,6
2026-10-08,AMD Ryzen 7 5800X,.NET 10.0.12,10.0.3,bytea.bytes.array,bytea[],Array,Read,256,0,17428,byte[] (64 B),2490.181766289531,46.22739268185903,12905.884014541169,201.61374888184307,5.182707619681693,24600,24600,7,7
2026-10-08,AMD Ryzen 7 5800X,.NET 10.0.12,10.0.3,jsonb.array,jsonb[],Array,Read,256,0,18086,Memory<byte> / byte[] UTF-8,2324.4746387453006,91.55052067066335,17713.144678101504,268.4052210174242,7.6202787429260415,28616,26568,8,8
2026-10-08,AMD Ryzen 7 5800X,.NET 10.0.12,10.0.3,text.array,text[],Array,Read,256,0,15380,string UTF-8,8170.671995501286,216.9088584890309,20542.09763450835,341.65934717240543,2.5141258449511477,34840,34840,8,7
2026-10-08,AMD Ryzen 7 5800X,.NET 10.0.12,10.0.3,varchar.array,varchar[],Array,Read,256,0,15380,string UTF-8,8318.42510353095,284.72238374144575,21409.906914893614,337.2171203047606,2.5737933140499973,34840,34840,8,6
2026-10-08,AMD Ryzen 7 5800X,.NET 10.0.12,10.0.3,bpchar.array,bpchar[],Array,Read,256,0,16148,string UTF-8,7713.694515306122,156.2175477620632,21310.395833333336,1276.490828642723,2.762670441647328,34840,34840,8,8
2026-10-08,AMD Ryzen 7 5800X,.NET 10.0.12,10.0.3,name.array,name[],Array,Read,256,0,7188,string UTF-8,8758.714155225862,196.9971063648982,19312.667638483963,336.89156527023306,2.2049660824883883,18456,18456,8,7
2026-10-08,AMD Ryzen 7 5800X,.NET 10.0.12,10.0.3,json.array,json[],Array,Read,256,0,17830,string UTF-8,9199.512515558014,965.4320630584007,22056.334005376346,536.7136234819574,2.3975546495616107,38936,38936,7,8
2026-10-08,AMD Ryzen 7 5800X,.NET 10.0.12,10.0.3,xml.array,xml[],Array,Read,256,0,14868,string UTF-8,7462.811720698254,131.99842669702824,23474.527994791668,3641.2918811296104,3.1455339988927506,32792,32792,8,8
2026-10-08,AMD Ryzen 7 5800X,.NET 10.0.12,10.0.3,bool.array,bool[],Array,Write,256,0,1300,bool,292.4056501299555,1.8699504119827581,2714.7456992931334,32.765778722825736,9.284176615898508,0,80,8,8
2026-10-08,AMD Ryzen 7 5800X,.NET 10.0.12,10.0.3,int2.array,int2[],Array,Write,256,0,1556,short,46.19765062318026,0.7753522966853429,2674.243219675399,28.858905323175264,57.886996061517536,0,80,8,8
2026-10-08,AMD Ryzen 7 5800X,.NET 10.0.12,10.0.3,int4.array,int4[],Array,Write,256,0,2068,int,60.80960107629474,0.9575022670620721,2699.9049891930836,39.48945888253831,44.39932085404818,0,80,8,8
2026-10-08,AMD Ryzen 7 5800X,.NET 10.0.12,10.0.3,int8.array,int8[],Array,Write,256,0,3092,long,105.85993846756699,1.9768582073222325,2746.0532154208117,10.954230916271928,25.940438424325535,0,80,8,7
2026-10-08,AMD Ryzen 7 5800X,.NET 10.0.12,10.0.3,float4.array,float4[],Array,Write,256,0,2068,float,66.96234283544521,0.19972049158597752,2708.932504004077,36.93240999665991,40.454565794704486,0,80,7,8
2026-10-08,AMD Ryzen 7 5800X,.NET 10.0.12,10.0.3,float8.array,float8[],Array,Write,256,0,3092,double,97.31917081576938,0.658542060304743,2687.4570446735393,24.370901236818934,27.61487815962844,0,80,8,7
2026-10-08,AMD Ryzen 7 5800X,.NET 10.0.12,10.0.3,oid.array,oid[],Array,Write,256,0,2068,uint,67.39685371018228,0.3489998782255606,2669.1867304698553,29.597887939898285,39.60402575983448,0,80,8,8
2026-10-08,AMD Ryzen 7 5800X,.NET 10.0.12,10.0.3,money.array,money[],Array,Write,256,0,3092,long cents / decimal,96.15177598938953,0.5791699792123486,5343.184481534091,33.941038373189414,55.570315020740935,0,80,8,8
2026-10-08,AMD Ryzen 7 5800X,.NET 10.0.12,10.0.3,uuid.array,uuid[],Array,Write,256,0,5140,Guid,564.6705662685388,9.502093259759333,3922.5693721366106,45.56382649268381,6.946651032402432,0,80,8,8
2026-10-08,AMD Ryzen 7 5800X,.NET 10.0.12,10.0.3,numeric.pg.array,numeric[],Array,Write,256,0,5140,PgNumeric / decimal,3134.5685470371614,33.1920947482012,23127.191733374384,280.48937335805,7.3781100608677175,0,12368,8,8
2026-10-08,AMD Ryzen 7 5800X,.NET 10.0.12,10.0.3,numeric.decimal.array,numeric[],Array,Write,256,0,5140,decimal,7617.397594605474,73.33145437572675,24145.168881506095,311.39838331481155,3.169739872657473,0,12368,8,7
2026-10-08,AMD Ryzen 7 5800X,.NET 10.0.12,10.0.3,numeric.wide.array,numeric[],Array,Write,256,0,68628,PgNumeric / BigInteger (128 digits),4236.983337638853,15.479810619281379,9521956.25,61509.71102125438,2247.3433316134556,0,75856,7,8
2026-10-08,AMD Ryzen 7 5800X,.NET 10.0.12,10.0.3,date.pg.array,date[],Array,Write,256,0,2068,PgDate / int days,267.5134542039254,2.8834415079185356,2693.8625374697162,32.345936006113305,10.070007676758516,0,80,8,7
2026-10-08,AMD Ryzen 7 5800X,.NET 10.0.12,10.0.3,date.clr.array,date[],Array,Write,256,0,2068,DateOnly,290.48650032575034,2.3781694675541365,2686.7911127787306,8.332985860221422,9.249280464895183,0,80,7,8
2026-10-08,AMD Ryzen 7 5800X,.NET 10.0.12,10.0.3,time.pg.array,time[],Array,Write,256,0,3092,PgTime / long microseconds,263.2748322958415,1.6807827149001948,2674.4255580039808,14.8731930310861,10.158303149154541,0,80,8,8
2026-10-08,AMD Ryzen 7 5800X,.NET 10.0.12,10.0.3,time.clr.array,time[],Array,Write,256,0,3092,TimeOnly,404.7750248144313,3.603115067001343,2691.3104679891153,21.173908668741092,6.64890446050357,0,80,8,8
2026-10-08,AMD Ryzen 7 5800X,.NET 10.0.12,10.0.3,timetz.array,timetz[],Array,Write,256,0,4116,PgTimeTz / DateTimeOffset,459.04297354529825,7.7162953289624365,3275.4778704998253,34.7556910106264,7.135449313606805,0,80,8,8
2026-10-08,AMD Ryzen 7 5800X,.NET 10.0.12,10.0.3,timestamp.pg.array,timestamp[],Array,Write,256,0,3092,PgTimestamp / long microseconds,267.15490911799765,3.097774673902065,2682.0893023006574,19.791496466638947,10.039453555824519,0,80,8,8
2026-10-08,AMD Ryzen 7 5800X,.NET 10.0.12,10.0.3,timestamp.clr.array,timestamp[],Array,Write,256,0,3092,DateTime Unspecified,609.6757271130198,5.344472467124063,2787.7148496524633,38.06551944632409,4.572455037455813,0,80,8,8
2026-10-08,AMD Ryzen 7 5800X,.NET 10.0.12,10.0.3,timestamptz.pg.array,timestamptz[],Array,Write,256,0,3092,PgTimestampTz / long microseconds,340.47440445790164,2.1605139892457133,2694.5310236819237,35.85932676892368,7.914048716737214,0,80,8,8
2026-10-08,AMD Ryzen 7 5800X,.NET 10.0.12,10.0.3,timestamptz.clr.array,timestamptz[],Array,Write,256,0,3092,DateTimeOffset UTC,688.3096118299444,4.9950376169933755,3488.4594808336433,111.254559229456,5.068154535223186,0,80,7,8
2026-10-08,AMD Ryzen 7 5800X,.NET 10.0.12,10.0.3,interval.pg.array,interval[],Array,Write,256,0,5140,PgInterval / NpgsqlInterval,567.1230483072599,3.8779273569241544,3343.9613309352517,22.673386214608694,5.896359424848375,0,80,8,8
2026-10-08,AMD Ryzen 7 5800X,.NET 10.0.12,10.0.3,interval.clr.array,interval[],Array,Write,256,0,5140,TimeSpan,927.5943495709603,37.054780826698,3415.658733218432,19.622875012021485,3.682276347196676,0,80,8,8
2026-10-08,AMD Ryzen 7 5800X,.NET 10.0.12,10.0.3,inet.array,inet[],Array,Write,256,0,4628,PgInet / NpgsqlInet (IPv4 + IPv6),928.3285143452794,6.2095666160736425,8385.622432935437,60.71368594148364,9.033033353337801,0,9296,8,7
2026-10-08,AMD Ryzen 7 5800X,.NET 10.0.12,10.0.3,cidr.array,cidr[],Array,Write,256,0,4628,PgInet / IPNetwork (IPv4 + IPv6),1878.9082800145286,54.93524326138299,8981.451322115385,160.94553074248853,4.78014356403067,0,9296,7,8
2026-10-08,AMD Ryzen 7 5800X,.NET 10.0.12,10.0.3,bytea.array,bytea[],Array,Write,256,0,17428,ReadOnlyMemory<byte> (64 B),1592.274408127954,20.519141063043577,4755.077841156809,86.08993274170109,2.98634319366307,0,80,8,7
2026-10-08,AMD Ryzen 7 5800X,.NET 10.0.12,10.0.3,bytea.bytes.array,bytea[],Array,Write,256,0,17428,byte[] (64 B),1323.1699229765932,13.810957705966059,4380.858903420523,21.203977472848184,3.3108815635450477,0,80,8,7
2026-10-08,AMD Ryzen 7 5800X,.NET 10.0.12,10.0.3,jsonb.array,jsonb[],Array,Write,256,0,18086,Memory<byte> / byte[] UTF-8,2136.7174829124187,10.952024296730945,10904.570039335666,59.8363207403059,5.103421545684348,0,80,8,8
2026-10-08,AMD Ryzen 7 5800X,.NET 10.0.12,10.0.3,text.array,text[],Array,Write,256,0,15380,string UTF-8,5382.354141923992,129.87017598725117,10976.545057285546,88.35209489171228,2.0393576431152183,0,80,8,8
2026-10-08,AMD Ryzen 7 5800X,.NET 10.0.12,10.0.3,varchar.array,varchar[],Array,Write,256,0,15380,string UTF-8,5310.50830805295,127.62129944595188,11104.821533490012,74.7696662137689,2.091103316164756,0,80,8,8
2026-10-08,AMD Ryzen 7 5800X,.NET 10.0.12,10.0.3,bpchar.array,bpchar[],Array,Write,256,0,16148,string UTF-8,6000.522997921995,26.56283208120573,20440.954861111113,14362.605647127468,3.4065288755979934,0,80,8,8
2026-10-08,AMD Ryzen 7 5800X,.NET 10.0.12,10.0.3,name.array,name[],Array,Write,256,0,7188,string UTF-8,4783.396946564885,28.076522779239383,9943.680290297938,43.41430325776021,2.078790533459453,0,80,8,7
2026-10-08,AMD Ryzen 7 5800X,.NET 10.0.12,10.0.3,json.array,json[],Array,Write,256,0,17830,string UTF-8,5717.895609396672,103.13188980608685,19900.241023936174,14681.719115640111,3.4803435360436676,0,80,7,8
2026-10-08,AMD Ryzen 7 5800X,.NET 10.0.12,10.0.3,xml.array,xml[],Array,Write,256,0,14868,string UTF-8,5423.08942723343,41.7789966519586,10915.14015780731,62.60395805193159,2.0127162393808486,0,80,8,7
2026-10-08,AMD Ryzen 7 5800X,.NET 10.0.12,10.0.3,bool.null,bool[],NullableArray,Read,256,12.5,1268,bool,645.9490295524486,26.53578621940689,10894.081577034884,80.13437097519429,16.865234064339322,536,536,8,8
2026-10-08,AMD Ryzen 7 5800X,.NET 10.0.12,10.0.3,int2.null,int2[],NullableArray,Read,256,12.5,1492,short,650.0237604524917,7.040297457964623,10982.81223831854,105.96675638563406,16.89601658664482,1048,1048,8,7
2026-10-08,AMD Ryzen 7 5800X,.NET 10.0.12,10.0.3,int4.null,int4[],NullableArray,Read,256,12.5,1940,int,645.4185377086932,1.222035029267441,11212.15248075278,96.55442366314695,17.371909583751894,2072,2072,6,7
2026-10-08,AMD Ryzen 7 5800X,.NET 10.0.12,10.0.3,int8.null,int8[],NullableArray,Read,256,12.5,2836,long,456.52975048995853,4.876212574747087,11456.168818765282,118.03276452475967,25.09402466426394,4120,4120,7,8
2026-10-08,AMD Ryzen 7 5800X,.NET 10.0.12,10.0.3,float4.null,float4[],NullableArray,Read,256,12.5,1940,float,646.6437390675541,12.380739744368194,11339.878787878788,102.4572070565541,17.53651679088495,2072,2072,7,8
2026-10-08,AMD Ryzen 7 5800X,.NET 10.0.12,10.0.3,float8.null,float8[],NullableArray,Read,256,12.5,2836,double,649.122224903475,7.5383230750095755,11265.217112024666,80.8859126329564,17.354539222100758,4120,4120,8,7
2026-10-08,AMD Ryzen 7 5800X,.NET 10.0.12,10.0.3,oid.null,oid[],NullableArray,Read,256,12.5,1940,uint,634.5219914477702,4.830198977657909,11420.620541151904,83.8902076914607,17.998778127600918,2072,2072,7,7
2026-10-08,AMD Ryzen 7 5800X,.NET 10.0.12,10.0.3,money.null,money[],NullableArray,Read,256,12.5,2836,long cents / decimal,613.235712753317,20.588758108222493,13577.917729591836,208.7753572347734,22.141433460601064,4120,6168,8,7
2026-10-08,AMD Ryzen 7 5800X,.NET 10.0.12,10.0.3,uuid.null,uuid[],NullableArray,Read,256,12.5,4628,Guid,767.1182737026761,10.588849196526738,11818.23688271605,325.2703895220098,15.406016631141584,5144,5144,8,8
2026-10-08,AMD Ryzen 7 5800X,.NET 10.0.12,10.0.3,numeric.pg.null,numeric[],NullableArray,Read,256,12.5,4628,PgNumeric / decimal,3347.624079343823,221.88274220280778,25545.457559681694,204.21799425886925,7.6309217983307525,15384,6168,8,8
2026-10-08,AMD Ryzen 7 5800X,.NET 10.0.12,10.0.3,numeric.decimal.null,numeric[],NullableArray,Read,256,12.5,4628,decimal,11145.798921130952,234.01100134247542,29373.04320141066,271.00503111303743,2.635346591954326,6168,6168,8,8
2026-10-08,AMD Ryzen 7 5800X,.NET 10.0.12,10.0.3,numeric.wide.null,numeric[],NullableArray,Read,256,12.5,60180,PgNumeric / BigInteger (128 digits),6449.397916666666,114.6445456519581,1760250.669642857,33223.51093445182,272.93255779643886,70936,7760936,8,7
2026-10-08,AMD Ryzen 7 5800X,.NET 10.0.12,10.0.3,date.pg.null,date[],NullableArray,Read,256,12.5,1940,PgDate / int days,667.529286486774,7.465994980590006,11495.73082212714,101.65963205919014,17.2213130642245,2072,2072,8,8
2026-10-08,AMD Ryzen 7 5800X,.NET 10.0.12,10.0.3,date.clr.null,date[],NullableArray,Read,256,12.5,1940,DateOnly,769.5137025829797,11.588956318043227,11524.683095894608,275.26682617937934,14.976579438690186,2072,2072,8,8
2026-10-08,AMD Ryzen 7 5800X,.NET 10.0.12,10.0.3,time.pg.null,time[],NullableArray,Read,256,12.5,2836,PgTime / long microseconds,644.8677480621484,4.376084717713571,10805.234025823538,26.980834046265297,16.755736440989132,4120,4120,8,7
2026-10-08,AMD Ryzen 7 5800X,.NET 10.0.12,10.0.3,time.clr.null,time[],NullableArray,Read,256,12.5,2836,TimeOnly,642.352372974082,7.009242352763172,10890.634981126597,72.86394075645944,16.95430022419489,4120,4120,7,8
2026-10-08,AMD Ryzen 7 5800X,.NET 10.0.12,10.0.3,timetz.null,timetz[],NullableArray,Read,256,12.5,3732,PgTimeTz / DateTimeOffset,798.6497596761952,14.321959333882827,11906.054545866571,186.16817749330278,14.907729454139904,6168,6168,8,7
2026-10-08,AMD Ryzen 7 5800X,.NET 10.0.12,10.0.3,timestamp.pg.null,timestamp[],NullableArray,Read,256,12.5,2836,PgTimestamp / long microseconds,760.5993780316071,58.91223580163824,11343.460993436755,100.34648520148791,14.913844687584495,4120,4120,8,8
2026-10-08,AMD Ryzen 7 5800X,.NET 10.0.12,10.0.3,timestamp.clr.null,timestamp[],NullableArray,Read,256,12.5,2836,DateTime Unspecified,836.6470868735911,41.28986077643184,11362.378934624698,144.76317247691196,13.58085041218991,4120,4120,7,8
2026-10-08,AMD Ryzen 7 5800X,.NET 10.0.12,10.0.3,timestamptz.pg.null,timestamptz[],NullableArray,Read,256,12.5,2836,PgTimestampTz / long microseconds,698.8329892037071,5.925459909280846,11444.18669379607,268.71323204898874,16.376139750981523,4120,4120,7,8
2026-10-08,AMD Ryzen 7 5800X,.NET 10.0.12,10.0.3,timestamptz.clr.null,timestamptz[],NullableArray,Read,256,12.5,2836,DateTimeOffset UTC,975.0725847224495,16.937115767654554,12658.391593665769,102.26712262222587,12.98199928087295,6168,6168,7,8
2026-10-08,AMD Ryzen 7 5800X,.NET 10.0.12,10.0.3,interval.pg.null,interval[],NullableArray,Read,256,12.5,4628,PgInterval / NpgsqlInterval,813.6061977033035,9.103410390045397,11481.543587262493,91.92503933479958,14.111917558732081,6168,6168,8,7
2026-10-08,AMD Ryzen 7 5800X,.NET 10.0.12,10.0.3,interval.clr.null,interval[],NullableArray,Read,256,12.5,4628,TimeSpan,1091.4818837462722,16.768088288129572,11508.709755453905,60.412972383167435,10.5441143154413,4120,4120,8,7
2026-10-08,AMD Ryzen 7 5800X,.NET 10.0.12,10.0.3,inet.null,inet[],NullableArray,Read,256,12.5,4372,PgInet / NpgsqlInet (IPv4 + IPv6),1007.3421251591681,21.876077115468583,24626.35030864197,564.8043379249235,24.446858414414876,12312,20248,8,8
2026-10-08,AMD Ryzen 7 5800X,.NET 10.0.12,10.0.3,cidr.null,cidr[],NullableArray,Read,256,12.5,4372,PgInet / IPNetwork (IPv4 + IPv6),1220.2241731453419,13.959849661535326,14193.479704097117,156.1240935385798,11.631862420419793,12312,20248,8,8
2026-10-08,AMD Ryzen 7 5800X,.NET 10.0.12,10.0.3,bytea.null,bytea[],NullableArray,Read,256,12.5,15380,ReadOnlyMemory<byte> (64 B),1953.2485795454545,88.61265114949902,14675.720156181736,233.8484313292388,7.5134933207513,25880,25880,8,7
2026-10-08,AMD Ryzen 7 5800X,.NET 10.0.12,10.0.3,bytea.bytes.null,bytea[],NullableArray,Read,256,12.5,15380,byte[] (64 B),2141.668830354905,74.13220167764266,12915.439293032789,448.5465833923815,6.030549219363909,21784,21784,7,8
2026-10-08,AMD Ryzen 7 5800X,.NET 10.0.12,10.0.3,jsonb.null,jsonb[],NullableArray,Read,256,12.5,15957,Memory<byte> / byte[] UTF-8,2226.1772310874703,112.05481067091347,16226.795528017241,153.65110924889348,7.289085209128016,27608,23512,8,8
2026-10-08,AMD Ryzen 7 5800X,.NET 10.0.12,10.0.3,text.null,text[],NullableArray,Read,256,12.5,13588,string UTF-8,7298.473221538819,153.10143143630435,18549.310302734375,266.5932688161272,2.541532967195489,30744,30744,7,8
2026-10-08,AMD Ryzen 7 5800X,.NET 10.0.12,10.0.3,varchar.null,varchar[],NullableArray,Read,256,12.5,13588,string UTF-8,7127.766060783478,152.8744125263487,19108.331745426825,364.92451208441406,2.680830372725007,30744,30744,7,8
2026-10-08,AMD Ryzen 7 5800X,.NET 10.0.12,10.0.3,bpchar.null,bpchar[],NullableArray,Read,256,12.5,14260,string UTF-8,7651.99803201606,177.16417171292778,19366.524183053785,555.523836617735,2.5309107637017147,30744,30744,7,7
2026-10-08,AMD Ryzen 7 5800X,.NET 10.0.12,10.0.3,name.null,name[],NullableArray,Read,256,12.5,6420,string UTF-8,5679.035843140623,155.97423241287285,17052.600446428572,439.08368811253496,3.0027280893156214,16408,16408,7,8
2026-10-08,AMD Ryzen 7 5800X,.NET 10.0.12,10.0.3,json.null,json[],NullableArray,Read,256,12.5,15733,string UTF-8,7876.089794303797,199.5474233025569,20082.839439655174,267.9216782640415,2.5498489687331434,34328,34328,8,8
2026-10-08,AMD Ryzen 7 5800X,.NET 10.0.12,10.0.3,xml.null,xml[],NullableArray,Read,256,12.5,13140,string UTF-8,7182.813160397295,476.6899971407457,18449.116913910508,639.9750104240983,2.5685085358519966,28952,28952,7,8
2026-10-08,AMD Ryzen 7 5800X,.NET 10.0.12,10.0.3,bool.null,bool[],NullableArray,Write,256,12.5,1268,bool,390.7632655252185,4.633345219194102,4287.083856783919,88.50109191957436,10.971051362828899,0,80,6,8
2026-10-08,AMD Ryzen 7 5800X,.NET 10.0.12,10.0.3,int2.null,int2[],NullableArray,Write,256,12.5,1492,short,392.5845536487657,2.889665443315111,4337.254278445883,29.908464496524797,11.047949386022717,0,80,8,8
2026-10-08,AMD Ryzen 7 5800X,.NET 10.0.12,10.0.3,int4.null,int4[],NullableArray,Write,256,12.5,1940,int,367.34427226700745,4.196177476105621,4272.11284879764,39.64530023008256,11.629724951019291,0,80,8,8
2026-10-08,AMD Ryzen 7 5800X,.NET 10.0.12,10.0.3,int8.null,int8[],NullableArray,Write,256,12.5,2836,long,438.8569156317622,2.642444436142711,4267.271230699364,45.42296096848338,9.72360484408992,0,80,8,7
2026-10-08,AMD Ryzen 7 5800X,.NET 10.0.12,10.0.3,float4.null,float4[],NullableArray,Write,256,12.5,1940,float,377.27840691414286,3.0542677170268484,4431.3153780972425,37.91362895454496,11.745478397086414,0,80,8,8
2026-10-08,AMD Ryzen 7 5800X,.NET 10.0.12,10.0.3,float8.null,float8[],NullableArray,Write,256,12.5,2836,double,400.17447827345217,4.383240491198455,4378.806108508977,41.00125038329823,10.942242312406531,0,80,8,6
2026-10-08,AMD Ryzen 7 5800X,.NET 10.0.12,10.0.3,oid.null,oid[],NullableArray,Write,256,12.5,1940,uint,369.194715323152,5.538986346700288,4223.157150495273,34.90643067647524,11.438834238997138,0,80,8,8
2026-10-08,AMD Ryzen 7 5800X,.NET 10.0.12,10.0.3,money.null,money[],NullableArray,Write,256,12.5,2836,long cents / decimal,399.31754144683225,2.221984215764356,6678.0078125,96.72176444943076,16.723552359617926,0,80,8,8
2026-10-08,AMD Ryzen 7 5800X,.NET 10.0.12,10.0.3,uuid.null,uuid[],NullableArray,Write,256,12.5,4628,Guid,647.7689812548088,6.387253614622839,5661.488001054852,21.386881049261,8.739980093038492,0,80,8,8
2026-10-08,AMD Ryzen 7 5800X,.NET 10.0.12,10.0.3,numeric.pg.null,numeric[],NullableArray,Write,256,12.5,4628,PgNumeric / decimal,4011.0246797401496,71.66770481545016,23657.369782829996,1947.6506654534314,5.898086317524881,0,10832,7,7
2026-10-08,AMD Ryzen 7 5800X,.NET 10.0.12,10.0.3,numeric.decimal.null,numeric[],NullableArray,Write,256,12.5,4628,decimal,6785.411709941036,73.09130351038544,22694.12643765133,247.67710213296775,3.3445467140045566,0,10832,7,8
2026-10-08,AMD Ryzen 7 5800X,.NET 10.0.12,10.0.3,numeric.wide.null,numeric[],NullableArray,Write,256,12.5,60180,PgNumeric / BigInteger (128 digits),5097.290271070261,48.05647271312582,8268735.714285715,86722.03646251193,1622.182625387264,0,66384,7,8
2026-10-08,AMD Ryzen 7 5800X,.NET 10.0.12,10.0.3,date.pg.null,date[],NullableArray,Write,256,12.5,1940,PgDate / int days,393.3032140148323,6.721504479207941,4233.376285020335,38.06473044030656,10.763645284781948,0,80,8,8
2026-10-08,AMD Ryzen 7 5800X,.NET 10.0.12,10.0.3,date.clr.null,date[],NullableArray,Write,256,12.5,1940,DateOnly,379.59698661622326,3.3667145956010045,4273.122938466788,30.50021348159291,11.256999104650328,0,80,8,8
2026-10-08,AMD Ryzen 7 5800X,.NET 10.0.12,10.0.3,time.pg.null,time[],NullableArray,Write,256,12.5,2836,PgTime / long microseconds,395.7774372422735,3.724616198402682,4191.267692701228,42.10262747453798,10.58996117086776,0,80,8,8
2026-10-08,AMD Ryzen 7 5800X,.NET 10.0.12,10.0.3,time.clr.null,time[],NullableArray,Write,256,12.5,2836,TimeOnly,525.6233087748145,3.02199000352608,4206.778257238307,40.43338776562118,8.00340888048509,0,80,7,8
2026-10-08,AMD Ryzen 7 5800X,.NET 10.0.12,10.0.3,timetz.null,timetz[],NullableArray,Write,256,12.5,3732,PgTimeTz / DateTimeOffset,520.9309189478663,5.361609779997725,4865.291802791803,23.232586803953854,9.339610351058298,0,80,8,7
2026-10-08,AMD Ryzen 7 5800X,.NET 10.0.12,10.0.3,timestamp.pg.null,timestamp[],NullableArray,Write,256,12.5,2836,PgTimestamp / long microseconds,397.99278999109185,3.029319097210575,4237.253431907114,27.413123674871336,10.646558275595783,0,80,8,7
2026-10-08,AMD Ryzen 7 5800X,.NET 10.0.12,10.0.3,timestamp.clr.null,timestamp[],NullableArray,Write,256,12.5,2836,DateTime Unspecified,665.9835838186208,6.112285408833759,4316.11917934532,33.42742406964019,6.480819173646187,0,80,8,8
2026-10-08,AMD Ryzen 7 5800X,.NET 10.0.12,10.0.3,timestamptz.pg.null,timestamptz[],NullableArray,Write,256,12.5,2836,PgTimestampTz / long microseconds,398.3906023183332,4.2172935927876605,4303.542282757052,86.97163114547166,10.802318773870864,0,80,8,8
2026-10-08,AMD Ryzen 7 5800X,.NET 10.0.12,10.0.3,timestamptz.clr.null,timestamptz[],NullableArray,Write,256,12.5,2836,DateTimeOffset UTC,711.0721555210122,11.832717043073426,5427.932741024898,43.57950924638243,7.633448587292492,0,80,7,8
2026-10-08,AMD Ryzen 7 5800X,.NET 10.0.12,10.0.3,interval.pg.null,interval[],NullableArray,Write,256,12.5,4628,PgInterval / NpgsqlInterval,617.0913684175707,4.438153339299459,5225.997808531199,39.78175676560404,8.468758559907279,0,80,8,8
2026-10-08,AMD Ryzen 7 5800X,.NET 10.0.12,10.0.3,interval.clr.null,interval[],NullableArray,Write,256,12.5,4628,TimeSpan,937.9641240298936,5.128240889902264,5121.956845238095,120.68277840098555,5.46071722149882,0,80,7,8
2026-10-08,AMD Ryzen 7 5800X,.NET 10.0.12,10.0.3,inet.null,inet[],NullableArray,Write,256,12.5,4372,PgInet / NpgsqlInet (IPv4 + IPv6),894.4292235434843,23.400998683851917,8585.31235808356,87.46693097448163,9.598649207894725,0,8272,8,8
2026-10-08,AMD Ryzen 7 5800X,.NET 10.0.12,10.0.3,cidr.null,cidr[],NullableArray,Write,256,12.5,4372,PgInet / IPNetwork (IPv4 + IPv6),1146.1524678778667,23.45361069415684,9470.001126416066,665.6244240745203,8.262427025917448,0,8272,7,8
2026-10-08,AMD Ryzen 7 5800X,.NET 10.0.12,10.0.3,bytea.null,bytea[],NullableArray,Write,256,12.5,15380,ReadOnlyMemory<byte> (64 B),1662.5223795572917,73.44194373950137,5528.559544170136,22.077116135093714,3.32540458531591,0,80,8,8
2026-10-08,AMD Ryzen 7 5800X,.NET 10.0.12,10.0.3,bytea.bytes.null,bytea[],NullableArray,Write,256,12.5,15380,byte[] (64 B),1212.8653203297417,13.908350637794612,4980.6095670232135,2025.1092080699705,4.106481967568448,0,80,8,8
2026-10-08,AMD Ryzen 7 5800X,.NET 10.0.12,10.0.3,jsonb.null,jsonb[],NullableArray,Write,256,12.5,15957,Memory<byte> / byte[] UTF-8,2034.743961221837,10.815332536490711,9919.634589947089,129.32923937068156,4.8751266886623315,0,80,6,8
2026-10-08,AMD Ryzen 7 5800X,.NET 10.0.12,10.0.3,text.null,text[],NullableArray,Write,256,12.5,13588,string UTF-8,4654.781607765057,12.009530504009016,10501.44943552775,330.96441434772487,2.2560563137933998,0,80,7,8
2026-10-08,AMD Ryzen 7 5800X,.NET 10.0.12,10.0.3,varchar.null,varchar[],NullableArray,Write,256,12.5,13588,string UTF-8,4693.239384357254,64.68293414975507,10398.717514349488,116.26241874834491,2.215680186484587,0,80,8,7
2026-10-08,AMD Ryzen 7 5800X,.NET 10.0.12,10.0.3,bpchar.null,bpchar[],NullableArray,Write,256,12.5,14260,string UTF-8,6097.487828351449,614.8181121375532,14844.508550242132,5816.269531146293,2.434528607210943,0,80,8,8
2026-10-08,AMD Ryzen 7 5800X,.NET 10.0.12,10.0.3,name.null,name[],NullableArray,Write,256,12.5,6420,string UTF-8,4290.244150808133,42.792876682701696,17314.37942216981,14494.855141202534,4.035756197909712,0,80,7,8
2026-10-08,AMD Ryzen 7 5800X,.NET 10.0.12,10.0.3,json.null,json[],NullableArray,Write,256,12.5,15733,string UTF-8,5198.348832607835,74.46050827157933,11122.760478158205,44.49447593541412,2.1396718143246063,0,80,7,8
2026-10-08,AMD Ryzen 7 5800X,.NET 10.0.12,10.0.3,xml.null,xml[],NullableArray,Write,256,12.5,13140,string UTF-8,5018.137937898089,166.2788507290924,10411.074197120708,44.82331991232973,2.074688724376022,0,80,8,8
